,0
0,MSTTPGTPHG VTHSLMEQGW YWADADRSAV SKALSDQPDG SFIVRNASTP
1,GDYTLSVKFA AQVKLLRIVV KDGKCGFNTD SLTHDSVVRL IEFHRNISLN
2,IFNDALDVRL LYPVSVRRNS QNGKPFFKKG QLQQRMILSA KNDHDWRERL
3,EMENLRAVHL AFERGAKLYD SAHQEMERAE SLYHALNQSV RDNEIKLGKL
4,NNLLEAETDV VTQIQGSQTT SEMLKGAFAN NKTFVEESIR RINTELTSSK
5,DKKKTLSGIL DEIAMKRSNS KTRLCKLMEL RSAVYDKMEP ALCSRMAAML
6,DAGAEMINSE PTKVTQLLVD MELKWTPAQY LMCGTSKENA ANALIHARYR
7,IAQLDKAVGL KREPQDGIFL IRGSSSHGDK LVLSVLHGER VSHCLIEQNE
8,EGWGFEHSNV YLTTISDFVR YYSHFSLETH ADAIKTPLRT PAFDAVTSDT
9,SKPLRNGPGQ VFTALPISRK YMEKALLTDD PTKPPESPEP RPDSWDSPSP
