,Type,Start,End,Length,Sequence
0,five_prime_UTR,1,1,1,aATGAGCACAACACCTGGAACTCCTCATGGAGTCACTCATAGTCTTATGGAACAAGGATGGTACTGGGCTGATGCTGATAGATCTGCAGTTTCGAAAGCACTTTCTGATCAACCTGATGGATCATTTATTGTGAGAAATGCTAGTACACCTGGAGATTATACACTTTCTGTGAAgtgggtttttcaaaattagtattcaatattaatagtccttttttcagATTTGCCGCCCAAGTGAAACTTCTCCGAATCGTTGTTAAAGATGGAAAATGCGGATTCAATACAGATTCATTAACTCACGATTCTGTTGTCAGATTAATTGAATTTCATCGAAATATTTCTCTCAATATTTTCAATGATGCACTTGATGTTCGTCTTTTATATCCAGTTTCTGTTCGTCGTAACTCTCAAAATGGAAAACCATTTTTCAAGAAGGGGCAACTTCAGCAGCGTATGATTCTCAGTGCAAAAAATGATCATGgtaaattattttataacgcaaacgctaaatttaaaaatactgtaatttcaaactttaattgctgcggaatttctcttgtcgtttcaagacctcgtaccatatttttatcgcgaaagtggcaaaatttcgcgtctgagtgattgaaaaaaataaaaattagtaaatttaatgctttttttagATTGGAGAGAACGCTTGGAAATGGAAAATTTGAGAGCAGTACATTTGGCATTTGAGAGAGGAGCCAAGCTATATGATTCAGCTCATCAAGAAATGGAACGAGCTGAAAGTCTCTATCATGCTTTGAATCAATCAGTTCGGGACAATGAGATTAAACTTGGAAAACTGAATAATTTGTTAGAAGCTGAAACAGACGTCGTTACACAAATACAGGGATCGCAGACAACAAGTGAAATGCTCAAAGGAGCATTTGCAAATAATAAGACAgtaagcgttttttgaagaaaaaaaacatccaaaaccaaaaaaaaacaattctaaagcaaaaaaaagaagttcaatttaaaattgttatttagccaaaactcaatattttcaaagctggattattaatttttgctcaatttttttctcggttttttaaaaatgattttagagcaaatcctcaatttttaaccattatagttttgaattttatcttttttattttgcagTTTGTGGAAGAAAGTATTCGACGAATAAACACTGAACTGACGTCATCAAAGGATAAGAAAAAGACGCTCTCCGGAATTTTGGATGAAATCGCGATGAAAAGATCCAATTCAAAAACACGACTCTGCAAGCTTATGGAACTTCGTAGTGCAGTCTATGATAAAATGGAACCAGCACTTTGTTCGAGAATGGCTGCAATGCTTGATGCTGGAGCGGAAATGATAAACAGTGAGCCAACGAAAGTCACTCAACTTCTTGTCGATATGGAATTGAAGTGGACACCGGCACAATATTTGATGTGTGGAACTTCTAAGGAAAATGCTGCGAATGCTCTGATTCATGCTCGCTATCGGATCGCTCAACTTGACAAGGCTGTTGGATTGAAAAGAGAGCCACAAGATGGTATTTTCTTGATTCGAGGATCCTCTTCTCATgttagtttatgattttatcagaagaataacttttcatcctcattcacgctaatttttgaattgaattgaatatttttcagGGTGATAAGCTCGTATTGAGTGTACTTCACGGAGAACGTGTCTCACATTGTCTAATCGAACAAAACGAAGAAGGATGGGGATTCGAGCACAGCAATGTCTACCTGACAACTATAAGTGACTTCGTTCGCTATTACTCTCACTTCAGTCTTGAAACCCACGCGGATGCTATCAAAACTCCACTTCGTACGCCCGCATTTGACGCTGTCACAAGTGATACTTCAAAACCTCTTCGTAACGGACCCGGACAAGTTTTTACGGCTTTGCCAATATCCAGGAAATATATGGAGAAGGCTCTTCTCACTGATGATCCCACTAAGCCACCTGAATCACCGGAACCAAGACCGGATTCATGGGATTCTCCATCTCCGGATACTCCTTCATCATCTGATTCCCGATTGGTTCATCCAACTACTCTTCCTAAATCCATCCCGGAATAGttatatatttaaatcaattacttacatatactcggttcaattacatccacttgtcccccatccgatctgatagtaaacccacagttctctgatcactttcttctaagttacttacgttttatttgtgtcttaaatgtatttattatcagtatttatatgaattgtcaaattgtacatttattgatataaattcaaatccgtcggcggttcatccgcgtattaaatcgcacaacatt
1,exon,1,174,174,aATGAGCACAACACCTGGAACTCCTCATGGAGTCACTCATAGTCTTATGGAACAAGGATGGTACTGGGCTGATGCTGATAGATCTGCAGTTTCGAAAGCACTTTCTGATCAACCTGATGGATCATTTATTGTGAGAAATGCTAGTACACCTGGAGATTATACACTTTCTGTGAAgtgggtttttcaaaattagtattcaatattaatagtccttttttcagATTTGCCGCCCAAGTGAAACTTCTCCGAATCGTTGTTAAAGATGGAAAATGCGGATTCAATACAGATTCATTAACTCACGATTCTGTTGTCAGATTAATTGAATTTCATCGAAATATTTCTCTCAATATTTTCAATGATGCACTTGATGTTCGTCTTTTATATCCAGTTTCTGTTCGTCGTAACTCTCAAAATGGAAAACCATTTTTCAAGAAGGGGCAACTTCAGCAGCGTATGATTCTCAGTGCAAAAAATGATCATGgtaaattattttataacgcaaacgctaaatttaaaaatactgtaatttcaaactttaattgctgcggaatttctcttgtcgtttcaagacctcgtaccatatttttatcgcgaaagtggcaaaatttcgcgtctgagtgattgaaaaaaataaaaattagtaaatttaatgctttttttagATTGGAGAGAACGCTTGGAAATGGAAAATTTGAGAGCAGTACATTTGGCATTTGAGAGAGGAGCCAAGCTATATGATTCAGCTCATCAAGAAATGGAACGAGCTGAAAGTCTCTATCATGCTTTGAATCAATCAGTTCGGGACAATGAGATTAAACTTGGAAAACTGAATAATTTGTTAGAAGCTGAAACAGACGTCGTTACACAAATACAGGGATCGCAGACAACAAGTGAAATGCTCAAAGGAGCATTTGCAAATAATAAGACAgtaagcgttttttgaagaaaaaaaacatccaaaaccaaaaaaaaacaattctaaagcaaaaaaaagaagttcaatttaaaattgttatttagccaaaactcaatattttcaaagctggattattaatttttgctcaatttttttctcggttttttaaaaatgattttagagcaaatcctcaatttttaaccattatagttttgaattttatcttttttattttgcagTTTGTGGAAGAAAGTATTCGACGAATAAACACTGAACTGACGTCATCAAAGGATAAGAAAAAGACGCTCTCCGGAATTTTGGATGAAATCGCGATGAAAAGATCCAATTCAAAAACACGACTCTGCAAGCTTATGGAACTTCGTAGTGCAGTCTATGATAAAATGGAACCAGCACTTTGTTCGAGAATGGCTGCAATGCTTGATGCTGGAGCGGAAATGATAAACAGTGAGCCAACGAAAGTCACTCAACTTCTTGTCGATATGGAATTGAAGTGGACACCGGCACAATATTTGATGTGTGGAACTTCTAAGGAAAATGCTGCGAATGCTCTGATTCATGCTCGCTATCGGATCGCTCAACTTGACAAGGCTGTTGGATTGAAAAGAGAGCCACAAGATGGTATTTTCTTGATTCGAGGATCCTCTTCTCATgttagtttatgattttatcagaagaataacttttcatcctcattcacgctaatttttgaattgaattgaatatttttcagGGTGATAAGCTCGTATTGAGTGTACTTCACGGAGAACGTGTCTCACATTGTCTAATCGAACAAAACGAAGAAGGATGGGGATTCGAGCACAGCAATGTCTACCTGACAACTATAAGTGACTTCGTTCGCTATTACTCTCACTTCAGTCTTGAAACCCACGCGGATGCTATCAAAACTCCACTTCGTACGCCCGCATTTGACGCTGTCACAAGTGATACTTCAAAACCTCTTCGTAACGGACCCGGACAAGTTTTTACGGCTTTGCCAATATCCAGGAAATATATGGAGAAGGCTCTTCTCACTGATGATCCCACTAAGCCACCTGAATCACCGGAACCAAGACCGGATTCATGGGATTCTCCATCTCCGGATACTCCTTCATCATCTGATTCCCGATTGGTTCATCCAACTACTCTTCCTAAATCCATCCCGGAATAGttatatatttaaatcaattacttacatatactcggttcaattacatccacttgtcccccatccgatctgatagtaaacccacagttctctgatcactttcttctaagttacttacgttttatttgtgtcttaaatgtatttattatcagtatttatatgaattgtcaaattgtacatttattgatataaattcaaatccgtcggcggttcatccgcgtattaaatcgcacaacatt
2,intron,175,221,47,aATGAGCACAACACCTGGAACTCCTCATGGAGTCACTCATAGTCTTATGGAACAAGGATGGTACTGGGCTGATGCTGATAGATCTGCAGTTTCGAAAGCACTTTCTGATCAACCTGATGGATCATTTATTGTGAGAAATGCTAGTACACCTGGAGATTATACACTTTCTGTGAAgtgggtttttcaaaattagtattcaatattaatagtccttttttcagATTTGCCGCCCAAGTGAAACTTCTCCGAATCGTTGTTAAAGATGGAAAATGCGGATTCAATACAGATTCATTAACTCACGATTCTGTTGTCAGATTAATTGAATTTCATCGAAATATTTCTCTCAATATTTTCAATGATGCACTTGATGTTCGTCTTTTATATCCAGTTTCTGTTCGTCGTAACTCTCAAAATGGAAAACCATTTTTCAAGAAGGGGCAACTTCAGCAGCGTATGATTCTCAGTGCAAAAAATGATCATGgtaaattattttataacgcaaacgctaaatttaaaaatactgtaatttcaaactttaattgctgcggaatttctcttgtcgtttcaagacctcgtaccatatttttatcgcgaaagtggcaaaatttcgcgtctgagtgattgaaaaaaataaaaattagtaaatttaatgctttttttagATTGGAGAGAACGCTTGGAAATGGAAAATTTGAGAGCAGTACATTTGGCATTTGAGAGAGGAGCCAAGCTATATGATTCAGCTCATCAAGAAATGGAACGAGCTGAAAGTCTCTATCATGCTTTGAATCAATCAGTTCGGGACAATGAGATTAAACTTGGAAAACTGAATAATTTGTTAGAAGCTGAAACAGACGTCGTTACACAAATACAGGGATCGCAGACAACAAGTGAAATGCTCAAAGGAGCATTTGCAAATAATAAGACAgtaagcgttttttgaagaaaaaaaacatccaaaaccaaaaaaaaacaattctaaagcaaaaaaaagaagttcaatttaaaattgttatttagccaaaactcaatattttcaaagctggattattaatttttgctcaatttttttctcggttttttaaaaatgattttagagcaaatcctcaatttttaaccattatagttttgaattttatcttttttattttgcagTTTGTGGAAGAAAGTATTCGACGAATAAACACTGAACTGACGTCATCAAAGGATAAGAAAAAGACGCTCTCCGGAATTTTGGATGAAATCGCGATGAAAAGATCCAATTCAAAAACACGACTCTGCAAGCTTATGGAACTTCGTAGTGCAGTCTATGATAAAATGGAACCAGCACTTTGTTCGAGAATGGCTGCAATGCTTGATGCTGGAGCGGAAATGATAAACAGTGAGCCAACGAAAGTCACTCAACTTCTTGTCGATATGGAATTGAAGTGGACACCGGCACAATATTTGATGTGTGGAACTTCTAAGGAAAATGCTGCGAATGCTCTGATTCATGCTCGCTATCGGATCGCTCAACTTGACAAGGCTGTTGGATTGAAAAGAGAGCCACAAGATGGTATTTTCTTGATTCGAGGATCCTCTTCTCATgttagtttatgattttatcagaagaataacttttcatcctcattcacgctaatttttgaattgaattgaatatttttcagGGTGATAAGCTCGTATTGAGTGTACTTCACGGAGAACGTGTCTCACATTGTCTAATCGAACAAAACGAAGAAGGATGGGGATTCGAGCACAGCAATGTCTACCTGACAACTATAAGTGACTTCGTTCGCTATTACTCTCACTTCAGTCTTGAAACCCACGCGGATGCTATCAAAACTCCACTTCGTACGCCCGCATTTGACGCTGTCACAAGTGATACTTCAAAACCTCTTCGTAACGGACCCGGACAAGTTTTTACGGCTTTGCCAATATCCAGGAAATATATGGAGAAGGCTCTTCTCACTGATGATCCCACTAAGCCACCTGAATCACCGGAACCAAGACCGGATTCATGGGATTCTCCATCTCCGGATACTCCTTCATCATCTGATTCCCGATTGGTTCATCCAACTACTCTTCCTAAATCCATCCCGGAATAGttatatatttaaatcaattacttacatatactcggttcaattacatccacttgtcccccatccgatctgatagtaaacccacagttctctgatcactttcttctaagttacttacgttttatttgtgtcttaaatgtatttattatcagtatttatatgaattgtcaaattgtacatttattgatataaattcaaatccgtcggcggttcatccgcgtattaaatcgcacaacatt
3,exon,222,481,260,aATGAGCACAACACCTGGAACTCCTCATGGAGTCACTCATAGTCTTATGGAACAAGGATGGTACTGGGCTGATGCTGATAGATCTGCAGTTTCGAAAGCACTTTCTGATCAACCTGATGGATCATTTATTGTGAGAAATGCTAGTACACCTGGAGATTATACACTTTCTGTGAAgtgggtttttcaaaattagtattcaatattaatagtccttttttcagATTTGCCGCCCAAGTGAAACTTCTCCGAATCGTTGTTAAAGATGGAAAATGCGGATTCAATACAGATTCATTAACTCACGATTCTGTTGTCAGATTAATTGAATTTCATCGAAATATTTCTCTCAATATTTTCAATGATGCACTTGATGTTCGTCTTTTATATCCAGTTTCTGTTCGTCGTAACTCTCAAAATGGAAAACCATTTTTCAAGAAGGGGCAACTTCAGCAGCGTATGATTCTCAGTGCAAAAAATGATCATGgtaaattattttataacgcaaacgctaaatttaaaaatactgtaatttcaaactttaattgctgcggaatttctcttgtcgtttcaagacctcgtaccatatttttatcgcgaaagtggcaaaatttcgcgtctgagtgattgaaaaaaataaaaattagtaaatttaatgctttttttagATTGGAGAGAACGCTTGGAAATGGAAAATTTGAGAGCAGTACATTTGGCATTTGAGAGAGGAGCCAAGCTATATGATTCAGCTCATCAAGAAATGGAACGAGCTGAAAGTCTCTATCATGCTTTGAATCAATCAGTTCGGGACAATGAGATTAAACTTGGAAAACTGAATAATTTGTTAGAAGCTGAAACAGACGTCGTTACACAAATACAGGGATCGCAGACAACAAGTGAAATGCTCAAAGGAGCATTTGCAAATAATAAGACAgtaagcgttttttgaagaaaaaaaacatccaaaaccaaaaaaaaacaattctaaagcaaaaaaaagaagttcaatttaaaattgttatttagccaaaactcaatattttcaaagctggattattaatttttgctcaatttttttctcggttttttaaaaatgattttagagcaaatcctcaatttttaaccattatagttttgaattttatcttttttattttgcagTTTGTGGAAGAAAGTATTCGACGAATAAACACTGAACTGACGTCATCAAAGGATAAGAAAAAGACGCTCTCCGGAATTTTGGATGAAATCGCGATGAAAAGATCCAATTCAAAAACACGACTCTGCAAGCTTATGGAACTTCGTAGTGCAGTCTATGATAAAATGGAACCAGCACTTTGTTCGAGAATGGCTGCAATGCTTGATGCTGGAGCGGAAATGATAAACAGTGAGCCAACGAAAGTCACTCAACTTCTTGTCGATATGGAATTGAAGTGGACACCGGCACAATATTTGATGTGTGGAACTTCTAAGGAAAATGCTGCGAATGCTCTGATTCATGCTCGCTATCGGATCGCTCAACTTGACAAGGCTGTTGGATTGAAAAGAGAGCCACAAGATGGTATTTTCTTGATTCGAGGATCCTCTTCTCATgttagtttatgattttatcagaagaataacttttcatcctcattcacgctaatttttgaattgaattgaatatttttcagGGTGATAAGCTCGTATTGAGTGTACTTCACGGAGAACGTGTCTCACATTGTCTAATCGAACAAAACGAAGAAGGATGGGGATTCGAGCACAGCAATGTCTACCTGACAACTATAAGTGACTTCGTTCGCTATTACTCTCACTTCAGTCTTGAAACCCACGCGGATGCTATCAAAACTCCACTTCGTACGCCCGCATTTGACGCTGTCACAAGTGATACTTCAAAACCTCTTCGTAACGGACCCGGACAAGTTTTTACGGCTTTGCCAATATCCAGGAAATATATGGAGAAGGCTCTTCTCACTGATGATCCCACTAAGCCACCTGAATCACCGGAACCAAGACCGGATTCATGGGATTCTCCATCTCCGGATACTCCTTCATCATCTGATTCCCGATTGGTTCATCCAACTACTCTTCCTAAATCCATCCCGGAATAGttatatatttaaatcaattacttacatatactcggttcaattacatccacttgtcccccatccgatctgatagtaaacccacagttctctgatcactttcttctaagttacttacgttttatttgtgtcttaaatgtatttattatcagtatttatatgaattgtcaaattgtacatttattgatataaattcaaatccgtcggcggttcatccgcgtattaaatcgcacaacatt
4,intron,482,662,181,aATGAGCACAACACCTGGAACTCCTCATGGAGTCACTCATAGTCTTATGGAACAAGGATGGTACTGGGCTGATGCTGATAGATCTGCAGTTTCGAAAGCACTTTCTGATCAACCTGATGGATCATTTATTGTGAGAAATGCTAGTACACCTGGAGATTATACACTTTCTGTGAAgtgggtttttcaaaattagtattcaatattaatagtccttttttcagATTTGCCGCCCAAGTGAAACTTCTCCGAATCGTTGTTAAAGATGGAAAATGCGGATTCAATACAGATTCATTAACTCACGATTCTGTTGTCAGATTAATTGAATTTCATCGAAATATTTCTCTCAATATTTTCAATGATGCACTTGATGTTCGTCTTTTATATCCAGTTTCTGTTCGTCGTAACTCTCAAAATGGAAAACCATTTTTCAAGAAGGGGCAACTTCAGCAGCGTATGATTCTCAGTGCAAAAAATGATCATGgtaaattattttataacgcaaacgctaaatttaaaaatactgtaatttcaaactttaattgctgcggaatttctcttgtcgtttcaagacctcgtaccatatttttatcgcgaaagtggcaaaatttcgcgtctgagtgattgaaaaaaataaaaattagtaaatttaatgctttttttagATTGGAGAGAACGCTTGGAAATGGAAAATTTGAGAGCAGTACATTTGGCATTTGAGAGAGGAGCCAAGCTATATGATTCAGCTCATCAAGAAATGGAACGAGCTGAAAGTCTCTATCATGCTTTGAATCAATCAGTTCGGGACAATGAGATTAAACTTGGAAAACTGAATAATTTGTTAGAAGCTGAAACAGACGTCGTTACACAAATACAGGGATCGCAGACAACAAGTGAAATGCTCAAAGGAGCATTTGCAAATAATAAGACAgtaagcgttttttgaagaaaaaaaacatccaaaaccaaaaaaaaacaattctaaagcaaaaaaaagaagttcaatttaaaattgttatttagccaaaactcaatattttcaaagctggattattaatttttgctcaatttttttctcggttttttaaaaatgattttagagcaaatcctcaatttttaaccattatagttttgaattttatcttttttattttgcagTTTGTGGAAGAAAGTATTCGACGAATAAACACTGAACTGACGTCATCAAAGGATAAGAAAAAGACGCTCTCCGGAATTTTGGATGAAATCGCGATGAAAAGATCCAATTCAAAAACACGACTCTGCAAGCTTATGGAACTTCGTAGTGCAGTCTATGATAAAATGGAACCAGCACTTTGTTCGAGAATGGCTGCAATGCTTGATGCTGGAGCGGAAATGATAAACAGTGAGCCAACGAAAGTCACTCAACTTCTTGTCGATATGGAATTGAAGTGGACACCGGCACAATATTTGATGTGTGGAACTTCTAAGGAAAATGCTGCGAATGCTCTGATTCATGCTCGCTATCGGATCGCTCAACTTGACAAGGCTGTTGGATTGAAAAGAGAGCCACAAGATGGTATTTTCTTGATTCGAGGATCCTCTTCTCATgttagtttatgattttatcagaagaataacttttcatcctcattcacgctaatttttgaattgaattgaatatttttcagGGTGATAAGCTCGTATTGAGTGTACTTCACGGAGAACGTGTCTCACATTGTCTAATCGAACAAAACGAAGAAGGATGGGGATTCGAGCACAGCAATGTCTACCTGACAACTATAAGTGACTTCGTTCGCTATTACTCTCACTTCAGTCTTGAAACCCACGCGGATGCTATCAAAACTCCACTTCGTACGCCCGCATTTGACGCTGTCACAAGTGATACTTCAAAACCTCTTCGTAACGGACCCGGACAAGTTTTTACGGCTTTGCCAATATCCAGGAAATATATGGAGAAGGCTCTTCTCACTGATGATCCCACTAAGCCACCTGAATCACCGGAACCAAGACCGGATTCATGGGATTCTCCATCTCCGGATACTCCTTCATCATCTGATTCCCGATTGGTTCATCCAACTACTCTTCCTAAATCCATCCCGGAATAGttatatatttaaatcaattacttacatatactcggttcaattacatccacttgtcccccatccgatctgatagtaaacccacagttctctgatcactttcttctaagttacttacgttttatttgtgtcttaaatgtatttattatcagtatttatatgaattgtcaaattgtacatttattgatataaattcaaatccgtcggcggttcatccgcgtattaaatcgcacaacatt
5,exon,663,928,266,aATGAGCACAACACCTGGAACTCCTCATGGAGTCACTCATAGTCTTATGGAACAAGGATGGTACTGGGCTGATGCTGATAGATCTGCAGTTTCGAAAGCACTTTCTGATCAACCTGATGGATCATTTATTGTGAGAAATGCTAGTACACCTGGAGATTATACACTTTCTGTGAAgtgggtttttcaaaattagtattcaatattaatagtccttttttcagATTTGCCGCCCAAGTGAAACTTCTCCGAATCGTTGTTAAAGATGGAAAATGCGGATTCAATACAGATTCATTAACTCACGATTCTGTTGTCAGATTAATTGAATTTCATCGAAATATTTCTCTCAATATTTTCAATGATGCACTTGATGTTCGTCTTTTATATCCAGTTTCTGTTCGTCGTAACTCTCAAAATGGAAAACCATTTTTCAAGAAGGGGCAACTTCAGCAGCGTATGATTCTCAGTGCAAAAAATGATCATGgtaaattattttataacgcaaacgctaaatttaaaaatactgtaatttcaaactttaattgctgcggaatttctcttgtcgtttcaagacctcgtaccatatttttatcgcgaaagtggcaaaatttcgcgtctgagtgattgaaaaaaataaaaattagtaaatttaatgctttttttagATTGGAGAGAACGCTTGGAAATGGAAAATTTGAGAGCAGTACATTTGGCATTTGAGAGAGGAGCCAAGCTATATGATTCAGCTCATCAAGAAATGGAACGAGCTGAAAGTCTCTATCATGCTTTGAATCAATCAGTTCGGGACAATGAGATTAAACTTGGAAAACTGAATAATTTGTTAGAAGCTGAAACAGACGTCGTTACACAAATACAGGGATCGCAGACAACAAGTGAAATGCTCAAAGGAGCATTTGCAAATAATAAGACAgtaagcgttttttgaagaaaaaaaacatccaaaaccaaaaaaaaacaattctaaagcaaaaaaaagaagttcaatttaaaattgttatttagccaaaactcaatattttcaaagctggattattaatttttgctcaatttttttctcggttttttaaaaatgattttagagcaaatcctcaatttttaaccattatagttttgaattttatcttttttattttgcagTTTGTGGAAGAAAGTATTCGACGAATAAACACTGAACTGACGTCATCAAAGGATAAGAAAAAGACGCTCTCCGGAATTTTGGATGAAATCGCGATGAAAAGATCCAATTCAAAAACACGACTCTGCAAGCTTATGGAACTTCGTAGTGCAGTCTATGATAAAATGGAACCAGCACTTTGTTCGAGAATGGCTGCAATGCTTGATGCTGGAGCGGAAATGATAAACAGTGAGCCAACGAAAGTCACTCAACTTCTTGTCGATATGGAATTGAAGTGGACACCGGCACAATATTTGATGTGTGGAACTTCTAAGGAAAATGCTGCGAATGCTCTGATTCATGCTCGCTATCGGATCGCTCAACTTGACAAGGCTGTTGGATTGAAAAGAGAGCCACAAGATGGTATTTTCTTGATTCGAGGATCCTCTTCTCATgttagtttatgattttatcagaagaataacttttcatcctcattcacgctaatttttgaattgaattgaatatttttcagGGTGATAAGCTCGTATTGAGTGTACTTCACGGAGAACGTGTCTCACATTGTCTAATCGAACAAAACGAAGAAGGATGGGGATTCGAGCACAGCAATGTCTACCTGACAACTATAAGTGACTTCGTTCGCTATTACTCTCACTTCAGTCTTGAAACCCACGCGGATGCTATCAAAACTCCACTTCGTACGCCCGCATTTGACGCTGTCACAAGTGATACTTCAAAACCTCTTCGTAACGGACCCGGACAAGTTTTTACGGCTTTGCCAATATCCAGGAAATATATGGAGAAGGCTCTTCTCACTGATGATCCCACTAAGCCACCTGAATCACCGGAACCAAGACCGGATTCATGGGATTCTCCATCTCCGGATACTCCTTCATCATCTGATTCCCGATTGGTTCATCCAACTACTCTTCCTAAATCCATCCCGGAATAGttatatatttaaatcaattacttacatatactcggttcaattacatccacttgtcccccatccgatctgatagtaaacccacagttctctgatcactttcttctaagttacttacgttttatttgtgtcttaaatgtatttattatcagtatttatatgaattgtcaaattgtacatttattgatataaattcaaatccgtcggcggttcatccgcgtattaaatcgcacaacatt
6,intron,929,1155,227,aATGAGCACAACACCTGGAACTCCTCATGGAGTCACTCATAGTCTTATGGAACAAGGATGGTACTGGGCTGATGCTGATAGATCTGCAGTTTCGAAAGCACTTTCTGATCAACCTGATGGATCATTTATTGTGAGAAATGCTAGTACACCTGGAGATTATACACTTTCTGTGAAgtgggtttttcaaaattagtattcaatattaatagtccttttttcagATTTGCCGCCCAAGTGAAACTTCTCCGAATCGTTGTTAAAGATGGAAAATGCGGATTCAATACAGATTCATTAACTCACGATTCTGTTGTCAGATTAATTGAATTTCATCGAAATATTTCTCTCAATATTTTCAATGATGCACTTGATGTTCGTCTTTTATATCCAGTTTCTGTTCGTCGTAACTCTCAAAATGGAAAACCATTTTTCAAGAAGGGGCAACTTCAGCAGCGTATGATTCTCAGTGCAAAAAATGATCATGgtaaattattttataacgcaaacgctaaatttaaaaatactgtaatttcaaactttaattgctgcggaatttctcttgtcgtttcaagacctcgtaccatatttttatcgcgaaagtggcaaaatttcgcgtctgagtgattgaaaaaaataaaaattagtaaatttaatgctttttttagATTGGAGAGAACGCTTGGAAATGGAAAATTTGAGAGCAGTACATTTGGCATTTGAGAGAGGAGCCAAGCTATATGATTCAGCTCATCAAGAAATGGAACGAGCTGAAAGTCTCTATCATGCTTTGAATCAATCAGTTCGGGACAATGAGATTAAACTTGGAAAACTGAATAATTTGTTAGAAGCTGAAACAGACGTCGTTACACAAATACAGGGATCGCAGACAACAAGTGAAATGCTCAAAGGAGCATTTGCAAATAATAAGACAgtaagcgttttttgaagaaaaaaaacatccaaaaccaaaaaaaaacaattctaaagcaaaaaaaagaagttcaatttaaaattgttatttagccaaaactcaatattttcaaagctggattattaatttttgctcaatttttttctcggttttttaaaaatgattttagagcaaatcctcaatttttaaccattatagttttgaattttatcttttttattttgcagTTTGTGGAAGAAAGTATTCGACGAATAAACACTGAACTGACGTCATCAAAGGATAAGAAAAAGACGCTCTCCGGAATTTTGGATGAAATCGCGATGAAAAGATCCAATTCAAAAACACGACTCTGCAAGCTTATGGAACTTCGTAGTGCAGTCTATGATAAAATGGAACCAGCACTTTGTTCGAGAATGGCTGCAATGCTTGATGCTGGAGCGGAAATGATAAACAGTGAGCCAACGAAAGTCACTCAACTTCTTGTCGATATGGAATTGAAGTGGACACCGGCACAATATTTGATGTGTGGAACTTCTAAGGAAAATGCTGCGAATGCTCTGATTCATGCTCGCTATCGGATCGCTCAACTTGACAAGGCTGTTGGATTGAAAAGAGAGCCACAAGATGGTATTTTCTTGATTCGAGGATCCTCTTCTCATgttagtttatgattttatcagaagaataacttttcatcctcattcacgctaatttttgaattgaattgaatatttttcagGGTGATAAGCTCGTATTGAGTGTACTTCACGGAGAACGTGTCTCACATTGTCTAATCGAACAAAACGAAGAAGGATGGGGATTCGAGCACAGCAATGTCTACCTGACAACTATAAGTGACTTCGTTCGCTATTACTCTCACTTCAGTCTTGAAACCCACGCGGATGCTATCAAAACTCCACTTCGTACGCCCGCATTTGACGCTGTCACAAGTGATACTTCAAAACCTCTTCGTAACGGACCCGGACAAGTTTTTACGGCTTTGCCAATATCCAGGAAATATATGGAGAAGGCTCTTCTCACTGATGATCCCACTAAGCCACCTGAATCACCGGAACCAAGACCGGATTCATGGGATTCTCCATCTCCGGATACTCCTTCATCATCTGATTCCCGATTGGTTCATCCAACTACTCTTCCTAAATCCATCCCGGAATAGttatatatttaaatcaattacttacatatactcggttcaattacatccacttgtcccccatccgatctgatagtaaacccacagttctctgatcactttcttctaagttacttacgttttatttgtgtcttaaatgtatttattatcagtatttatatgaattgtcaaattgtacatttattgatataaattcaaatccgtcggcggttcatccgcgtattaaatcgcacaacatt
7,exon,1156,1587,432,aATGAGCACAACACCTGGAACTCCTCATGGAGTCACTCATAGTCTTATGGAACAAGGATGGTACTGGGCTGATGCTGATAGATCTGCAGTTTCGAAAGCACTTTCTGATCAACCTGATGGATCATTTATTGTGAGAAATGCTAGTACACCTGGAGATTATACACTTTCTGTGAAgtgggtttttcaaaattagtattcaatattaatagtccttttttcagATTTGCCGCCCAAGTGAAACTTCTCCGAATCGTTGTTAAAGATGGAAAATGCGGATTCAATACAGATTCATTAACTCACGATTCTGTTGTCAGATTAATTGAATTTCATCGAAATATTTCTCTCAATATTTTCAATGATGCACTTGATGTTCGTCTTTTATATCCAGTTTCTGTTCGTCGTAACTCTCAAAATGGAAAACCATTTTTCAAGAAGGGGCAACTTCAGCAGCGTATGATTCTCAGTGCAAAAAATGATCATGgtaaattattttataacgcaaacgctaaatttaaaaatactgtaatttcaaactttaattgctgcggaatttctcttgtcgtttcaagacctcgtaccatatttttatcgcgaaagtggcaaaatttcgcgtctgagtgattgaaaaaaataaaaattagtaaatttaatgctttttttagATTGGAGAGAACGCTTGGAAATGGAAAATTTGAGAGCAGTACATTTGGCATTTGAGAGAGGAGCCAAGCTATATGATTCAGCTCATCAAGAAATGGAACGAGCTGAAAGTCTCTATCATGCTTTGAATCAATCAGTTCGGGACAATGAGATTAAACTTGGAAAACTGAATAATTTGTTAGAAGCTGAAACAGACGTCGTTACACAAATACAGGGATCGCAGACAACAAGTGAAATGCTCAAAGGAGCATTTGCAAATAATAAGACAgtaagcgttttttgaagaaaaaaaacatccaaaaccaaaaaaaaacaattctaaagcaaaaaaaagaagttcaatttaaaattgttatttagccaaaactcaatattttcaaagctggattattaatttttgctcaatttttttctcggttttttaaaaatgattttagagcaaatcctcaatttttaaccattatagttttgaattttatcttttttattttgcagTTTGTGGAAGAAAGTATTCGACGAATAAACACTGAACTGACGTCATCAAAGGATAAGAAAAAGACGCTCTCCGGAATTTTGGATGAAATCGCGATGAAAAGATCCAATTCAAAAACACGACTCTGCAAGCTTATGGAACTTCGTAGTGCAGTCTATGATAAAATGGAACCAGCACTTTGTTCGAGAATGGCTGCAATGCTTGATGCTGGAGCGGAAATGATAAACAGTGAGCCAACGAAAGTCACTCAACTTCTTGTCGATATGGAATTGAAGTGGACACCGGCACAATATTTGATGTGTGGAACTTCTAAGGAAAATGCTGCGAATGCTCTGATTCATGCTCGCTATCGGATCGCTCAACTTGACAAGGCTGTTGGATTGAAAAGAGAGCCACAAGATGGTATTTTCTTGATTCGAGGATCCTCTTCTCATgttagtttatgattttatcagaagaataacttttcatcctcattcacgctaatttttgaattgaattgaatatttttcagGGTGATAAGCTCGTATTGAGTGTACTTCACGGAGAACGTGTCTCACATTGTCTAATCGAACAAAACGAAGAAGGATGGGGATTCGAGCACAGCAATGTCTACCTGACAACTATAAGTGACTTCGTTCGCTATTACTCTCACTTCAGTCTTGAAACCCACGCGGATGCTATCAAAACTCCACTTCGTACGCCCGCATTTGACGCTGTCACAAGTGATACTTCAAAACCTCTTCGTAACGGACCCGGACAAGTTTTTACGGCTTTGCCAATATCCAGGAAATATATGGAGAAGGCTCTTCTCACTGATGATCCCACTAAGCCACCTGAATCACCGGAACCAAGACCGGATTCATGGGATTCTCCATCTCCGGATACTCCTTCATCATCTGATTCCCGATTGGTTCATCCAACTACTCTTCCTAAATCCATCCCGGAATAGttatatatttaaatcaattacttacatatactcggttcaattacatccacttgtcccccatccgatctgatagtaaacccacagttctctgatcactttcttctaagttacttacgttttatttgtgtcttaaatgtatttattatcagtatttatatgaattgtcaaattgtacatttattgatataaattcaaatccgtcggcggttcatccgcgtattaaatcgcacaacatt
8,intron,1588,1667,80,aATGAGCACAACACCTGGAACTCCTCATGGAGTCACTCATAGTCTTATGGAACAAGGATGGTACTGGGCTGATGCTGATAGATCTGCAGTTTCGAAAGCACTTTCTGATCAACCTGATGGATCATTTATTGTGAGAAATGCTAGTACACCTGGAGATTATACACTTTCTGTGAAgtgggtttttcaaaattagtattcaatattaatagtccttttttcagATTTGCCGCCCAAGTGAAACTTCTCCGAATCGTTGTTAAAGATGGAAAATGCGGATTCAATACAGATTCATTAACTCACGATTCTGTTGTCAGATTAATTGAATTTCATCGAAATATTTCTCTCAATATTTTCAATGATGCACTTGATGTTCGTCTTTTATATCCAGTTTCTGTTCGTCGTAACTCTCAAAATGGAAAACCATTTTTCAAGAAGGGGCAACTTCAGCAGCGTATGATTCTCAGTGCAAAAAATGATCATGgtaaattattttataacgcaaacgctaaatttaaaaatactgtaatttcaaactttaattgctgcggaatttctcttgtcgtttcaagacctcgtaccatatttttatcgcgaaagtggcaaaatttcgcgtctgagtgattgaaaaaaataaaaattagtaaatttaatgctttttttagATTGGAGAGAACGCTTGGAAATGGAAAATTTGAGAGCAGTACATTTGGCATTTGAGAGAGGAGCCAAGCTATATGATTCAGCTCATCAAGAAATGGAACGAGCTGAAAGTCTCTATCATGCTTTGAATCAATCAGTTCGGGACAATGAGATTAAACTTGGAAAACTGAATAATTTGTTAGAAGCTGAAACAGACGTCGTTACACAAATACAGGGATCGCAGACAACAAGTGAAATGCTCAAAGGAGCATTTGCAAATAATAAGACAgtaagcgttttttgaagaaaaaaaacatccaaaaccaaaaaaaaacaattctaaagcaaaaaaaagaagttcaatttaaaattgttatttagccaaaactcaatattttcaaagctggattattaatttttgctcaatttttttctcggttttttaaaaatgattttagagcaaatcctcaatttttaaccattatagttttgaattttatcttttttattttgcagTTTGTGGAAGAAAGTATTCGACGAATAAACACTGAACTGACGTCATCAAAGGATAAGAAAAAGACGCTCTCCGGAATTTTGGATGAAATCGCGATGAAAAGATCCAATTCAAAAACACGACTCTGCAAGCTTATGGAACTTCGTAGTGCAGTCTATGATAAAATGGAACCAGCACTTTGTTCGAGAATGGCTGCAATGCTTGATGCTGGAGCGGAAATGATAAACAGTGAGCCAACGAAAGTCACTCAACTTCTTGTCGATATGGAATTGAAGTGGACACCGGCACAATATTTGATGTGTGGAACTTCTAAGGAAAATGCTGCGAATGCTCTGATTCATGCTCGCTATCGGATCGCTCAACTTGACAAGGCTGTTGGATTGAAAAGAGAGCCACAAGATGGTATTTTCTTGATTCGAGGATCCTCTTCTCATgttagtttatgattttatcagaagaataacttttcatcctcattcacgctaatttttgaattgaattgaatatttttcagGGTGATAAGCTCGTATTGAGTGTACTTCACGGAGAACGTGTCTCACATTGTCTAATCGAACAAAACGAAGAAGGATGGGGATTCGAGCACAGCAATGTCTACCTGACAACTATAAGTGACTTCGTTCGCTATTACTCTCACTTCAGTCTTGAAACCCACGCGGATGCTATCAAAACTCCACTTCGTACGCCCGCATTTGACGCTGTCACAAGTGATACTTCAAAACCTCTTCGTAACGGACCCGGACAAGTTTTTACGGCTTTGCCAATATCCAGGAAATATATGGAGAAGGCTCTTCTCACTGATGATCCCACTAAGCCACCTGAATCACCGGAACCAAGACCGGATTCATGGGATTCTCCATCTCCGGATACTCCTTCATCATCTGATTCCCGATTGGTTCATCCAACTACTCTTCCTAAATCCATCCCGGAATAGttatatatttaaatcaattacttacatatactcggttcaattacatccacttgtcccccatccgatctgatagtaaacccacagttctctgatcactttcttctaagttacttacgttttatttgtgtcttaaatgtatttattatcagtatttatatgaattgtcaaattgtacatttattgatataaattcaaatccgtcggcggttcatccgcgtattaaatcgcacaacatt
9,exon,1668,2341,674,aATGAGCACAACACCTGGAACTCCTCATGGAGTCACTCATAGTCTTATGGAACAAGGATGGTACTGGGCTGATGCTGATAGATCTGCAGTTTCGAAAGCACTTTCTGATCAACCTGATGGATCATTTATTGTGAGAAATGCTAGTACACCTGGAGATTATACACTTTCTGTGAAgtgggtttttcaaaattagtattcaatattaatagtccttttttcagATTTGCCGCCCAAGTGAAACTTCTCCGAATCGTTGTTAAAGATGGAAAATGCGGATTCAATACAGATTCATTAACTCACGATTCTGTTGTCAGATTAATTGAATTTCATCGAAATATTTCTCTCAATATTTTCAATGATGCACTTGATGTTCGTCTTTTATATCCAGTTTCTGTTCGTCGTAACTCTCAAAATGGAAAACCATTTTTCAAGAAGGGGCAACTTCAGCAGCGTATGATTCTCAGTGCAAAAAATGATCATGgtaaattattttataacgcaaacgctaaatttaaaaatactgtaatttcaaactttaattgctgcggaatttctcttgtcgtttcaagacctcgtaccatatttttatcgcgaaagtggcaaaatttcgcgtctgagtgattgaaaaaaataaaaattagtaaatttaatgctttttttagATTGGAGAGAACGCTTGGAAATGGAAAATTTGAGAGCAGTACATTTGGCATTTGAGAGAGGAGCCAAGCTATATGATTCAGCTCATCAAGAAATGGAACGAGCTGAAAGTCTCTATCATGCTTTGAATCAATCAGTTCGGGACAATGAGATTAAACTTGGAAAACTGAATAATTTGTTAGAAGCTGAAACAGACGTCGTTACACAAATACAGGGATCGCAGACAACAAGTGAAATGCTCAAAGGAGCATTTGCAAATAATAAGACAgtaagcgttttttgaagaaaaaaaacatccaaaaccaaaaaaaaacaattctaaagcaaaaaaaagaagttcaatttaaaattgttatttagccaaaactcaatattttcaaagctggattattaatttttgctcaatttttttctcggttttttaaaaatgattttagagcaaatcctcaatttttaaccattatagttttgaattttatcttttttattttgcagTTTGTGGAAGAAAGTATTCGACGAATAAACACTGAACTGACGTCATCAAAGGATAAGAAAAAGACGCTCTCCGGAATTTTGGATGAAATCGCGATGAAAAGATCCAATTCAAAAACACGACTCTGCAAGCTTATGGAACTTCGTAGTGCAGTCTATGATAAAATGGAACCAGCACTTTGTTCGAGAATGGCTGCAATGCTTGATGCTGGAGCGGAAATGATAAACAGTGAGCCAACGAAAGTCACTCAACTTCTTGTCGATATGGAATTGAAGTGGACACCGGCACAATATTTGATGTGTGGAACTTCTAAGGAAAATGCTGCGAATGCTCTGATTCATGCTCGCTATCGGATCGCTCAACTTGACAAGGCTGTTGGATTGAAAAGAGAGCCACAAGATGGTATTTTCTTGATTCGAGGATCCTCTTCTCATgttagtttatgattttatcagaagaataacttttcatcctcattcacgctaatttttgaattgaattgaatatttttcagGGTGATAAGCTCGTATTGAGTGTACTTCACGGAGAACGTGTCTCACATTGTCTAATCGAACAAAACGAAGAAGGATGGGGATTCGAGCACAGCAATGTCTACCTGACAACTATAAGTGACTTCGTTCGCTATTACTCTCACTTCAGTCTTGAAACCCACGCGGATGCTATCAAAACTCCACTTCGTACGCCCGCATTTGACGCTGTCACAAGTGATACTTCAAAACCTCTTCGTAACGGACCCGGACAAGTTTTTACGGCTTTGCCAATATCCAGGAAATATATGGAGAAGGCTCTTCTCACTGATGATCCCACTAAGCCACCTGAATCACCGGAACCAAGACCGGATTCATGGGATTCTCCATCTCCGGATACTCCTTCATCATCTGATTCCCGATTGGTTCATCCAACTACTCTTCCTAAATCCATCCCGGAATAGttatatatttaaatcaattacttacatatactcggttcaattacatccacttgtcccccatccgatctgatagtaaacccacagttctctgatcactttcttctaagttacttacgttttatttgtgtcttaaatgtatttattatcagtatttatatgaattgtcaaattgtacatttattgatataaattcaaatccgtcggcggttcatccgcgtattaaatcgcacaacatt
10,three_prime_UTR,2106,2341,236,aATGAGCACAACACCTGGAACTCCTCATGGAGTCACTCATAGTCTTATGGAACAAGGATGGTACTGGGCTGATGCTGATAGATCTGCAGTTTCGAAAGCACTTTCTGATCAACCTGATGGATCATTTATTGTGAGAAATGCTAGTACACCTGGAGATTATACACTTTCTGTGAAgtgggtttttcaaaattagtattcaatattaatagtccttttttcagATTTGCCGCCCAAGTGAAACTTCTCCGAATCGTTGTTAAAGATGGAAAATGCGGATTCAATACAGATTCATTAACTCACGATTCTGTTGTCAGATTAATTGAATTTCATCGAAATATTTCTCTCAATATTTTCAATGATGCACTTGATGTTCGTCTTTTATATCCAGTTTCTGTTCGTCGTAACTCTCAAAATGGAAAACCATTTTTCAAGAAGGGGCAACTTCAGCAGCGTATGATTCTCAGTGCAAAAAATGATCATGgtaaattattttataacgcaaacgctaaatttaaaaatactgtaatttcaaactttaattgctgcggaatttctcttgtcgtttcaagacctcgtaccatatttttatcgcgaaagtggcaaaatttcgcgtctgagtgattgaaaaaaataaaaattagtaaatttaatgctttttttagATTGGAGAGAACGCTTGGAAATGGAAAATTTGAGAGCAGTACATTTGGCATTTGAGAGAGGAGCCAAGCTATATGATTCAGCTCATCAAGAAATGGAACGAGCTGAAAGTCTCTATCATGCTTTGAATCAATCAGTTCGGGACAATGAGATTAAACTTGGAAAACTGAATAATTTGTTAGAAGCTGAAACAGACGTCGTTACACAAATACAGGGATCGCAGACAACAAGTGAAATGCTCAAAGGAGCATTTGCAAATAATAAGACAgtaagcgttttttgaagaaaaaaaacatccaaaaccaaaaaaaaacaattctaaagcaaaaaaaagaagttcaatttaaaattgttatttagccaaaactcaatattttcaaagctggattattaatttttgctcaatttttttctcggttttttaaaaatgattttagagcaaatcctcaatttttaaccattatagttttgaattttatcttttttattttgcagTTTGTGGAAGAAAGTATTCGACGAATAAACACTGAACTGACGTCATCAAAGGATAAGAAAAAGACGCTCTCCGGAATTTTGGATGAAATCGCGATGAAAAGATCCAATTCAAAAACACGACTCTGCAAGCTTATGGAACTTCGTAGTGCAGTCTATGATAAAATGGAACCAGCACTTTGTTCGAGAATGGCTGCAATGCTTGATGCTGGAGCGGAAATGATAAACAGTGAGCCAACGAAAGTCACTCAACTTCTTGTCGATATGGAATTGAAGTGGACACCGGCACAATATTTGATGTGTGGAACTTCTAAGGAAAATGCTGCGAATGCTCTGATTCATGCTCGCTATCGGATCGCTCAACTTGACAAGGCTGTTGGATTGAAAAGAGAGCCACAAGATGGTATTTTCTTGATTCGAGGATCCTCTTCTCATgttagtttatgattttatcagaagaataacttttcatcctcattcacgctaatttttgaattgaattgaatatttttcagGGTGATAAGCTCGTATTGAGTGTACTTCACGGAGAACGTGTCTCACATTGTCTAATCGAACAAAACGAAGAAGGATGGGGATTCGAGCACAGCAATGTCTACCTGACAACTATAAGTGACTTCGTTCGCTATTACTCTCACTTCAGTCTTGAAACCCACGCGGATGCTATCAAAACTCCACTTCGTACGCCCGCATTTGACGCTGTCACAAGTGATACTTCAAAACCTCTTCGTAACGGACCCGGACAAGTTTTTACGGCTTTGCCAATATCCAGGAAATATATGGAGAAGGCTCTTCTCACTGATGATCCCACTAAGCCACCTGAATCACCGGAACCAAGACCGGATTCATGGGATTCTCCATCTCCGGATACTCCTTCATCATCTGATTCCCGATTGGTTCATCCAACTACTCTTCCTAAATCCATCCCGGAATAGttatatatttaaatcaattacttacatatactcggttcaattacatccacttgtcccccatccgatctgatagtaaacccacagttctctgatcactttcttctaagttacttacgttttatttgtgtcttaaatgtatttattatcagtatttatatgaattgtcaaattgtacatttattgatataaattcaaatccgtcggcggttcatccgcgtattaaatcgcacaacatt
